{
  "homes": {
    "main": {
      "dimension": "minecraft:overworld",
      "x": 3518.5,
      "y": 313.0,
      "z": -3399.5,
      "rotX": 15.86957,
      "rotY": -89.850006
    },
    "overworld_3519_313_-3404": {
      "dimension": "minecraft:overworld",
      "x": 3519.1898115443773,
      "y": 313.0,
      "z": -3403.947228748249,
      "rotX": 20.519684,
      "rotY": 80.70032
    }
  },
  "lastVisitedHomes": [
    null,
    "main"
  ],
  "lastTeleportation": "2026-02-22T03:19:02.527831512+01:00"
}