{
  "homes": {
    "1": {
      "dimension": "minecraft:overworld",
      "x": 614.5811578553061,
      "y": 64.0,
      "z": -2779.4580314920404,
      "rotX": 9.535218,
      "rotY": 20.07489
    },
    "2": {
      "dimension": "minecraft:overworld",
      "x": 517.8597960870121,
      "y": 64.0,
      "z": -2952.3790230478926,
      "rotX": 7.259162,
      "rotY": -12.665863
    },
    "main": {
      "dimension": "minecraft:overworld",
      "x": 603.636669983971,
      "y": 64.0,
      "z": -2788.849832135277,
      "rotX": 15.961685,
      "rotY": -16.87799
    },
    "3": {
      "dimension": "minecraft:overworld",
      "x": 639.1377683369437,
      "y": 11.0,
      "z": -2794.1184184697763,
      "rotX": 27.36022,
      "rotY": -119.88211
    },
    "4": {
      "dimension": "minecraft:overworld",
      "x": 906.8356824614592,
      "y": 123.0,
      "z": -2833.9719693816396,
      "rotX": 29.560085,
      "rotY": 103.24463
    }
  },
  "lastVisitedHomes": [
    "2",
    "1"
  ],
  "lastTeleportation": "2026-02-22T02:31:48.432750913+01:00"
}